text,x,y
"For those of you that think credit/debit is just as good as #bitcoin when it comes to combating #coronavirus, keep in mind that this is not a ""contactless transaction.""  How many people at your grocery store or gas station touch this keypad every day? https://t.co/WVq8bb9OlS",9.661877,5.003172
Consumers have increased their online shopping due to coronavirus. https://t.co/5mYfz3RAD0 #retail #ecommerce #study #coronavirus https://t.co/Dz3H6zrWUT,9.817556,5.398547
One of the BEAUTIFUL things about working at home and having a strictly online small business? Covid-19 isnt transmittable through email. So keep shopping!  https://t.co/qJkUcaWGC2,9.193828,4.861913
"The #Coronavirus crisis will speed up the technological revolution as schools, health services, shopping and work will go online at an even faster pace than before. See ""The Robots are Coming"": https://t.co/2bKMJcaYa5 
@vintagebooks https://t.co/EjYZ9rabTu",9.21939,5.7641544
"The #Coronavirus crisis will speed up the technological revolution as schools, health services, shopping and work will go online at an even faster pace than before. See ""The Robots are Coming"", Page 234: https://t.co/Yck5Zmfa4j @vintagebooks",9.227866,5.74835
"When the #CPTSD therapist recommends that you go out among people to isolate yourself less and the government then advises you to stay at home, recommend self-isolation, and you then consider to not even go out shopping anymore and instead do that online too ???? #Coronavirus",9.439693,5.029321
"#CancelEverything is #tending due to #COVID19 #coronavirus, so it looks like shopping online and reading books is in ?? https://t.co/jYrZ5zIhSg",9.690427,5.106445
"Since the #coronavirus is now a  #pandemic, I will be online shopping for most of my stuff &amp; limiting how much I go outside. 

All items purchased from us will be in its original packaging &amp; handled w/ gloves.

Be safe, Be blessed ???",9.673892,4.8562317
"#Coronavirus shifts online shopping habits. #eCommerce 

https://t.co/eELVHjauQd https://t.co/wfFkfDCpMq",9.920255,5.320934
"Home shopping could double if #Coronavirus takes hold in the UK, as consumers switch from buying food and household items in stores to online.  https://t.co/t5teSX87vU  

Is your #business ready to meet this demand? 

Via @PostalTechNews https://t.co/o45h0Jdi8E",10.04644,5.1674967
"Anxiety over the #coronavirus is driving grocery shoppers online, where theyre able to purchase the #CPG items they need without risking exposure to crowds of people. Is this the catalyst that online grocery needed to change deep rooted consumer shopping habits?",10.118622,5.238918
"Our #webinar will be live in just 10 min! NetElixirs Founder and CEO will discuss any shifts in consumer online shopping and searching behavior and any changes we have seen in ecommerce sales during the #CoronavirusOutbreak. Follow along for updates.
#NetElixir #coronavirus",9.807043,5.4253006
"The key metrics we considered for online shopping behavior were latency in number of days between first website landing and first purchase and number of website landings prior to first purchase.
#NetElixir #coronavirus #covid19 #webinar #onlineshopping",9.849196,5.484622
Im gonna apologize to my bank now for all the online shopping Ill be doing once im quarantined ??? #sorrynotsorry #Corona #coronavirus #COVID19 https://t.co/UM0UPy0C7J,9.199357,4.9494634
Coronavirus is hurting store traffic and e-commerce won't help much #Retail #coronavirus  https://t.co/ad2ZaodeVo,9.823786,4.992609
"How Retailers can handle difficult trading due to Coronavirus. Conversion will probably be the biggest challenge in store for Retailers.
https://t.co/No5Oq1ei2g

#coronavirus #retailers #retail #conversionrate",9.813482,4.9408903
The continuing outbreak of #coronavirus (COVID-19) is affecting two key U.S. e-commerce metrics. Read more: https://t.co/C1G69ZSQ04 #COVID19 #ecommerce #onlineshopping #shoppers #consumers #retail https://t.co/sYjJEgXOmr,9.8514595,5.467924
"As an optimist I look at the bright side of the #coronavirus

My wife no longer wants to take expensive trip to Asia

She no longer buys anything online because everything is made overseas

She no longer goes shopping because of panicked toilet paper mobs

Blessings in disguise? https://t.co/9oTdiv4Agc",10.138969,4.838181
@retailgeek Howdy. I am back in the business of retail trend data! Lates on the impact of the #COVID19 shopping surge with shopping session data. https://t.co/bZgqn5X2UR,9.4453125,4.9638963
"#COVID19 Online Shopping Impact Data. #retail, #GoDigital https://t.co/bZgqn5X2UR",9.380202,4.8496017
"COVID-19 will accelerate the move to remote work, remote shopping, online interaction and the ongoing change in how we socialize, worship and communicate. This is not just an event - this will permanently shift how we leverage technology to do these things.  #disruption #tech https://t.co/KU9FSpzz9Q",9.085601,5.699123
online shopping is more sterile and safe? Think about the delivery vans and the staff #coronavirus #cornoravirusuk,9.857242,5.0172763
covid-19 rly about to hit my bank acct with all these groceries and online shopping imma be totally unable to avoid,9.136195,5.1069984
"****IMPORTANT MESSAGE FOR YOU ALL RE: COVID-19 CORONAVIRUS. PLEASE READ****

?? I have seen a few posts online lately saying that people are slowing down their internet shopping because they may be worried about https://t.co/eEnsmMV3vE",9.540655,5.0270047
"Services that will be in on high-demand in this COVID-19 season;
- Netflix and/or other on-demand video streaming ser
- High usage of internet/mobile data. 
- Food delivery service/online shopping
- Online training courses
- Online video streaming and games 

#StaySafePH",8.927454,5.73936
"Hopefully with this #Coronavirus outbreak, it'll push businesses to offer online shopping *cough* car dealerships and small restaurants *cough*",9.561703,5.491252
Egyptian retailers now touting online shopping ? in response to #Coronavirus https://t.co/P3ZfjJJyIL,9.935501,5.2664456
Consumers in the U.S. have been slow to embrace online grocery shopping until now. But that mentality is starting to change in the era of #coronavirus. @SPGMarketIntel's @KatieArcieri reports: https://t.co/bWSBXnRqFc https://t.co/ucV82rKRbt,10.261899,5.0210323
"Smartphones are the main devices for online shopping during peaks - seen at @DigitalCityFest today. Thanks @markbodoano!?? 

I reckon #retailers with mobile-responsive websites are likely to benefit the most from this #coronavirus #lockdown

Thoughts??

#unifiedcommerce #DCF2020 https://t.co/1VnwBtvUQE",9.864279,5.3832493
"2/3 There is no doubt that consumer behavior is different right now with heavy impacts on industries such as events, travel and hospitality. However, online touchpoints for giants like Amazon are already seeing a spike in reach alongside brands like @Clorox or @Netflix. #Covid_19",9.633131,5.6941953
"I think online shopping has a great future

Fuck you #Covid_19",9.321976,5.4022827
"Now is the time for @netflix @PrimeVideo and others to lower their prices and get some new people in. Be forthcoming in this time of recommended social distancing. It will be a smart ""investment"" in the long run.
#COVID19 #CoronavirusPandemic #Covid_19 #Netflix #PrimeVideo",8.883886,5.7878714
"Are you interested?
Get a $500 Supermarket Gift Card for @australian
Click here: https://t.co/nnJKj1ES79

#gift #GiftCard #Supermarkets #Covid_19 #HeartbreakWeatherWatch https://t.co/uoHvCepkIO",8.817103,5.1571064
"Major online initiatives of China's selected department stores and shopping malls during the COVID-19 outbreak (as of 28 February 2020).  https://t.co/suMv8Krfgg

#ecommerce #O2O #retail #china https://t.co/tCFSgQrww8",9.867596,5.556987
@AmberScholl Your online shopping is gonna be working overtime if they make us all self-quarantine due to #coronavirus ?,9.527134,4.825128
"Im more worried how Ill cope not being able to get online shopping delivered if we go into lockdown ...

#CoronaVirusUpdate #CoronaOutbreak #Covid_19 #coronavirus",9.90657,4.7581115
me adding items on my online shopping cart cause prices are low due to covid-19 outbreak with a bank balance of $1.89 https://t.co/0d8R1MCotX,8.945631,5.133665
"This #coronavirus is demonstrating the inequity of learning technologies. Everybody seems to think that every child has a school computer and broadband access for learning, telemedicine, online shopping. Even just outside NYC https://t.co/PXv49qVi8x (3/3)",9.241024,5.749107
"With this COVID-19 of staying home, predictions: 1- in 9 months another baby boom 2- Netflix will love it 3- Online shopping booming ???",9.016439,5.807203
Online shopping getting new records? #coronavirus,9.7095585,5.2408266
"Ordering pizza and compulsive online shopping is my new recipe to deal the anxiety of thinking constantly to my dear ones facing a pandemic crisis while I'm stuck in a country miles away from them.
The anguish is real.
#coronavirus
#Covid_19 #lockdown #COVD19 #fuorisede",9.845226,4.875556
Dear Everyone: go buy some of Neils awesome images. He had a bunch of jobs cancel on him because of the covid-19 apocalypse but we can support him with online shopping! ? https://t.co/fomr0dbGAv,9.605993,4.760132
How is #Covid_19 #coronavirus impacting your online shopping habits?,9.501868,5.427277
Doing online food shopping is just as stressful as going to the shop ????? #CoronaVirus just want to be able to buy my essentials,10.06236,5.2190566
"#Coronavirus has affected online shopping, travel, event cancellations, and it's now impacting #digitalmarketing. 
?
Online marketers: it's time to deliver factual information, prioritise relevant content &amp; reach target audiences  wherever they may be.

#COVID19UK #SARSCoV2 https://t.co/yGNOuodTnT",9.4628935,5.507741
How is #Coronavirus impacting online shopping? Our upcoming market research provides insights into consumers' online buying behavior and how it will affect brands. #Covid_19 #IP #BrandProtection https://t.co/0GAzXNJRee,9.6347685,5.4721823
@Disney What would it take for my family to pay movie ticket prices and watch this at home to avoid the #Covid_19 ? Happy to pay the $$$s.,8.759172,5.749171
"#Coronavirus has to stuck inside the house (online shopping)? If you're looking at #Rothys, the most comfortable shoes ever, use my Discount code to get $20 off your first pair! https://t.co/rkBhVi4tLu #Rothysdiscount #rothyscode #rothyscoupon #Rothy #rothycode #onlineshopping",9.353949,4.993803
"Enjoy the best shows from Sky TV and Netflix side by side, for just £25 per month! Sky Q. All in one place. Easy.",8.728206,5.843408
"Shopping for groceries, playing a Nintendo Wii, taking online courses???

A 23-year-old part-time vlogger/full-time student from Norway, who attends @PKU1898, is recording his daily life amid the novel #coronavirus epidemic.? [Photo/Xinhua] #SpotlightBeijing https://t.co/tEUgjLti05",9.339989,5.609273
"Are we still allowed to refer to successfully spreading digital consumer products as ""viral"" or will we have to find a new word? Asking for a friend... #coronavirus",9.518288,5.4951873
"POINT OF SALE Software meets unique needs of small and medium enterprises

We sell hardwares at affordable prices 

TOUCH SCREEN MONITOR 25,000

COMPLETE DESKTOP KSH 12,000

THERMAL PRINTER KSH 13,000

CASH DRAWER KSH 8,000

CONTACT: 0722 904 209/0724 493 745

#Covid_19 https://t.co/8YePBAcG5i",9.635738,5.0856233
"Online gaming, internet shopping and book sales are booming. If you too are self-imposing isolation @guardian has published #Coronavirus reading list: joyful books for dark, lonely times https://t.co/Od7hRxKriH",9.404296,5.48701
Since corona virus Ive started online clothing shopping this is my new outfit. #shopping #oodt #fashionista #coronavirus #covid19Canada https://t.co/7a0fT0YgFA,9.141491,5.077369
"Video conferencing, online shopping, remote work, crypto, e-wallets, VR, ebooks, e-classroom, digital assistants, assets tokenization, STO. It's their time 2 shine. Organizations that dont offer these options will have to rethink.  Face2face is so covid-19! #xtz #COVID19",9.186417,5.740895
I think it's safe to say that the current situation society is facing is going to have a profound impact on people's move towards shopping and searching online for businesses. It's time to get your business online. #coronavirus,9.589235,5.695058
waiting for the retail store e-mails to start rolling in with the Use Promo Code COVID-19 for 19% discount,8.984513,5.069657
Sephora has free shipping online now until the end of March bc ppl are probably more comfortable shopping online instead of in stores due to COVID-19,10.340434,4.979632
Catch me online shopping during this Covid-19 season,9.252704,5.348332
#CoronavirusPandemic  will help online grocery shopping break through in germany - no free delivery slots in the next two weeks in my area @REWE_Supermarkt  #disruption #ecommerce #delivery #Covid_19 https://t.co/SVaxCWymys,10.187414,4.8886385
Shopping online because of #Covid_19 #CoronaVirus If you shop with  @boohoo remember to use TopCashback here is what you get back on online purchases sign up free https://t.co/rJjMjU43oU and you will also get a free £5 M&amp;S gift card #boohoo https://t.co/3UGPwVTllU,9.459409,5.1966815
Tbh all Im trying to find is some Covid-19 discounts for shopping online,9.022572,5.2135816
"@quietplacemovie @ParamountPics Why not release it On Demand, streaming? People wanna see it and we'll pay to see it the comfort of our (hopefully) COVID-19 free environment. ? Heck, add a ""COVID-19 tax"" for the consession/food revenue loss.",8.801462,5.7694974
"What's happening now will definitely re-shape consumer's shopping habits, preferences and expectations in the future. Personal Safety and Hygiene may even top Sustainability or at the very least - be of equal importance. You heard it here first. #coronavirus #chaos",9.621129,5.627306
"""While online shopping may benefit in the short term, supply chain issues and uncertain consumer demand could dampen the e-commerce outlook.""

#coronavirus #covid #ecommerce #adimo

https://t.co/JkUZgvNFBw",9.82304,5.491947
"Since last weeks reporting of the impact of the Covid-19 outbreak on global eCommerce activity weve uncovered shifting patterns in online shopping, putting facts behind the digital business trends everyone is talking about.

https://t.co/bZkO9cD4Gv",9.712943,5.5624514
"Between primaries and COVID-19, I've come to the unsettling realization that I cope with stress by online shopping. How many sweaters until I feel peace?",9.215272,5.3164234
"Will online shopping become even more important to you, because of virus outbreaks like #Covid_19  #CoronavirusPandemic",9.595344,5.39244
"Teachers, Loom is a great tool for recording and sharing videos with comments.

#teachers #education #Covid_19 

@useloom is there a way I can pay double per month while you're running these adjusted prices? Happy to if so.

https://t.co/gRUnBAboIO",9.029057,5.5580196
Weve had questions recently from customers concerned with shopping in public. Beach Automotive would like to remind its customers that we have the ability to complete an entire purchase transaction online WITH home delivery available. #CoronaVirus #Covid19 #WeAreHereToHelp,10.146094,5.1095862
"Another reminder that COVID-19 will hit indie bookstores, most of which have online shopping. And wonderful staff to help you pick something wonderful for those kids who may be staying home. Starting a Bay Area list in this thread. Please add more. Or start your own local list",9.30202,5.260445
"Let the records show that in spite of #coronavirus fears, I still enjoy picking out beautiful shoes online and putting them into my shopping cart and then not buying them.

????????",9.344535,5.095401
"Covid-19 will lead people to buy more things online, leading to a rapid adoption to online shopping that will probably be permanent. Learning #digitalmarketing skills will become even more essential. 

Here's an interesting article on the subject: https://t.co/v6tbe3aY7o",9.432736,5.6703544
"Could everyone please pay with a card, no cash exchanges. Thank you from a retail store manager. #Covid_19",8.862014,5.13989
Just dont shut down online shopping and amazon prime! Please and thank you #Covid_19,9.409159,5.211303
Is anyone else concerned with the extra load on consumer ISPs with companies/schools shifting to WFH and online classes? #Covid_19,9.214656,5.7341065
"@GoldenDiscs I just made my first purchase on your site, it took 2 minutes between choosing CD and check out ! #superb #shopping #ireland #online #Covid_19",9.430859,5.249619
Stop shopping in online because of deadly #coronavirus,9.752311,5.162086
"While most #BabyBoomers are online, they still lag behind younger generations when it comes to online #shopping. But that may be about to change. https://t.co/utXYNbxLyS #coronavirus #onlineshopping https://t.co/UMWvgUM0N5",9.794606,5.3003488
"In a #digital era many jobs can be done remotely. If you have to #StayHome you can keep on working. Time to polish your #digitalskills!

Get more info on #Covid_19 ??https://t.co/hzMsKsSEHD

#FlattenTheCurve https://t.co/s3JW72jIg2",9.08993,5.196769
"As uncertainty over #coronavirus continues to grow, consumers are becoming more cautious about #shopping in public places &amp; are utilizing #online shopping as a means of getting necessities. https://t.co/weTMTYFYVo

#behavioralchange #behavioraleconomics #behavioralscience https://t.co/0bTXjEMV1I",9.711572,5.418179
@FlippinKath #coronavirus #tlna my big fear is purely money as I am a self employed Taxi Driver. If we go to lockdown Gov. Should hire us to help with online shopping deliveries as retailers would not be able to cope. Win-win!,9.998866,4.831368
"Due to COVID-19 Ill be cancelling or postponing all in person meetups. Shopping sessions can be done online if you want. Well figure it out yall 

?findom?collegedomme?bratty",9.27522,5.1967087
"? 50% OFF SITEWIDE! ?
Don't let #coronavirus prevent you from shopping! Were giving customers the same deal as employees and encouraging you to shop online! Save big, now thru Monday! https://t.co/ngnz6aj8m4",9.826479,5.054404
"?? Tips for Self Protection ?? Prevent #coronavirus by shopping online! Were giving customers 50% off sitewide so you can stay home and stay healthy! ??
Discount automatically applied at checkout. https://t.co/vzzi5QpO4N",9.572854,4.8386636
"?? THIS JUST IN ?? Prevent #coronavirus by shopping online! @GrassrootsCali is giving customers 50% off every onlinr purchase now through Monday! ??
#shoponline #shopnow https://t.co/HbTsF0SZeN",9.725472,4.8251376
"In light of the pandemic, i have moved to online shopping.
Can we have free shipping for online orders? Please.
#coronavirus
#onlineshopping",10.2568245,5.0369964
"Real Canadian Superstore online shopping also down. Guess its not me, as COVID-19 strikes again.",9.56412,5.032948
"According to @dmsgrp and @eMarketer, #Coronavirus May Shift Older Generations To Online Shopping https://t.co/8MGWdu6Hxn #Retail https://t.co/UYJGtkMyYV",9.835091,5.0886183
Im worried about how much online shopping Ill be doing when I dont have sport or work to distract me. Me and my Asos driver and going to get super friendly #Covid_19 #asos #shoptilyoucough,9.370669,5.371036
"Online shopping                  Covid-19

                                    ?

                      Eliminating Retail",9.558649,5.534896
"I cant help but think about how much online shopping marketing is going to be amping up now that people are staying isolated, at home, and are prime targets due to stress, boredom, and need for necessities. Capitalism preys again. #CoronaVirusCanada #capitalism #Covid_19",9.557117,5.670035
"@PicknPay @Fresh_Living Due to #coronavirus what do you say about the fact that people are afraid to go to the malls? Isn't  possible to ensure that online shopping is everywhere in SA, local, and deliver at lower price.",9.991734,4.931553
Is it better to shop at the grocery store myself or order delivery? Which is safer? #coronavirus,10.070026,4.7176256
The entertainment industry could help with #selfisolating by making all new releases available for immediate streaming at discounted prices #CoronavirusPandemic #Covid_19 #entertainment,8.846586,5.753757
Does anyone know if its safe to receive packages from the US? Im talking about online shopping. #Covid_19 #coronavirus,9.65763,4.7944818
"Just a thought, but ""brick &amp; mortar"" businesses were already struggling against the onslaught of Amazon and other online giants. Now, due to COVID-19 we might all be forced to do a majority of our shopping online. Might this be the final straw that breaks local retailers' backs?",10.063779,5.495498
"Does covid-19 seem like a promo code to get 19% off when online shopping or is that just me ?
#Quarantine",9.040414,5.032896
"The book industry will no doubt be impacted by COVID-19  this includes authors, publishers, and indie bookstores. If youre seeking a good book to read in the comfort of your own home, please consider shopping with us (or your local indie) in our online capacities.",9.27853,5.3428044
"For those worried about online shopping, your packages are safe!
https://t.co/8shWM1GZ77 #coronavirus #CoronaVirusUpdate #WuhanVirus #pandemic #CoronavirusPandemic #Covid_19 #onlineshopping #shopping https://t.co/NWnq0kbwCR",9.678032,4.7641582
Celestial Warmth Wellness Services is reducing prices on Remote Energy Psychology Sessions effective immediately.  COUPON CODE is IMMUNE for 25% off 3 pack of Body Code Sessions!  #Covid_19 #Lymphatic #Lungs #Spleen #immunesupport #energymedicine #bodycode https://t.co/Yi1zHBCE8w,8.997492,5.0157323
"Really worried about how this #Covid_19 isolation will affect my online shopping addiction, if we have to stay indoors for a while.",9.408284,5.3119216
"Keep an eye for bargains ??

example: ( trips from New York to Miami for $51 or other bargains out there )

Keep an eye on prices, don't buy over the top essential items. Many online sellers will try to rip you off. 

#Covid_19",9.201197,5.244371
"$UBID .0095 Going 

Shop Online, avoid the stores and the high risk of being infected with the #Coronavirus #pandemic #COVID19 

Auctions, Online Shopping 

Do it the safe way, the Ecommerce way",9.4448,5.060338
People havent thought through this economic damage thing. Ive been at home 2 hours and already bought a new computer monitor. I think online shopping could do very well out of this ? #Covid_19,9.503013,5.474316
I guess this explains why the online shopping was down this afternoon. #Covid_19 https://t.co/64Tqx417EM,9.211728,5.026116
"Get the TV you want anywhere in the world. ?
Sports ?
Movies ?
Series ?
On demand ?
Real customer support ?

Prices starting from £4.17 per month ?
Competitive resellers packages ??

#IPTV #OTT #SPORTS #football
#PlayStation #XboxOne #ipeetv #Covid_19 #toiletpapercrisis",8.795514,5.796868
@reliancejio  can single handedly help achieve social distancing by announcing unlimited data packs for every consumer. @narendramodi  No need of  making any Saarc policies :). #COVID2019,9.20766,5.6958737
"Free online delivery code for orders over 15 within Ireland, so that visitors to our child development stores can avail of free online delivery instead of shopping instore #COVID2019IRELAND #coronavirus https://t.co/5BwNmF64bb",10.1827965,5.034789
"For More details -  https://t.co/1cz6zgOSw6

#onlineshopping #Shipping #shippingfromindia #coronavirus #internationalshipping https://t.co/ef7zp5hMt5",10.1763315,4.9425497
"Online shopping critical for many. But not easy for all and not for all services beyond groceries. If you have #Covid_19 high risk family in the Durham area and need items leaving on a porch, whatever they may be, let me know and we can make it happen. Support each other. 1/2",10.069653,5.1481357
COVID-19 might be presenting online shopping platforms their greatest opportunity.,9.308984,5.50952
"Latest from ?@AdobeInsights? on how peoples digital lives are being affected by #COVID19

How COVID-19 Is Impacting Online Shopping Behavior | Adobe Blog https://t.co/rIrkd59tFM",9.455666,5.2680516
"China has announced its Labor Day holiday this year will last for five days, as opposed to four days in 2019 and three days in 2018. Analysts say local tourism and online shopping will dominate holiday consumption amid the #COVID-19 epidemic. https://t.co/j3cnol0HaP https://t.co/ji4zyJmb9B",9.770617,5.601871
COVID-19 has me shopping online for home delivery. SAVE with Rakuten &amp; earn cash back!!  I love getting Cash Back and think you will too! Join for free and get $10 when you spend $25.  https://t.co/rqvblxbGKA,9.59872,5.196776
"#Covid-19 what is the flip side? Is physical shopping coming down and #ecommerce ommerce picking up? Online e-retailers will leverage this situation to their advantage, and it will be a sensible thing to do. 

https://t.co/umS0Tklb34",9.822637,5.502472
"We're concerned...please help us support our local businesses, many of whom have online shopping platforms. We will get through this!!
#CoronavirusPandemic #coronavirus #COVID2019 #Bellingham #pnw #localbusiness #ShopLocal https://t.co/c7FXyUEJZs",10.113798,5.0389805
"COVID-19 isn't the only thing altering shopping habits. Interesting article about how consumer behaviour is changing thanks to technology.

#shopping #technology #fintech 

https://t.co/sHGaxZN78J",9.524574,5.571112
"As more people are being asked to self-isolate, theyre experiencing a big lifestyle shift. Last week we mentioned that companies offering fast home delivery - like Amazon - and home entertainment - like Netflix - had seen an increase in their stock prices. THREAD (2/6) #Covid_19",8.966717,5.7720685
I now see why drones would come in handy for online shopping and delivery. #coronavirus,9.80127,5.251942
"Hey ladies ??
I sale classy heels ? at affordable prices ? 

Nationwide Delivery at the shortest time possible  ?? ?  DM ?? 
 
#Buhari #CoronavirusPandemic #CoronaOutbreak #Covid_19 https://t.co/MUA1GiQtvx",9.249067,5.002835
"mga adik sa Shopee, Lazada, or online shopping wag muna order ng non important items o kaartehan unless for hygiene, healthcare reasons. prioritize actually important items than vanity and just plain add to cart boredom. #Covid_19 #CoronavirusPandemic #coronavirus",9.84135,4.939294
"Covid-19 force us to use online video conference/call for

-classes
-meeting

Upcoming
-shopping
-hangout",9.200639,5.193688
"lrt who knew COVID-19 was all we needed for ppl to start considering the digital version of everything?

cashless cash
online meetings/classes
online shopping
cloud storage

unfortunately not everyone can afford to use em yet, maybe after COVID-19 is gone let's focus here next?",9.402715,5.5418363
Sign of the times Online shopping sites for and have crashed first delivery slot in our area is in over a week s time Could be a real issue for people self isolating in weeks to come unless the supermarkets ramp things up,10.446015,4.826198
You know what I kinda fear about this self isolation due to #Coronavirus ? That I will literally end up blowing up my Credit Card doing a shit ton of online shopping because I am bored LOL. Lisa gets destructive when she is bored. Much like a Husky HA.,9.362313,5.234419
The more I see the hysteria over the empty stores unfold the more I think people will start to do more online shopping on amazon &amp; other sites to avoid the lines &amp; people from now on. Even after Covid-19 blows over. #coronavirus #onlineshopping #emptyshelves #COVID19,10.008277,5.4060907
"Online shopping from a great selection at Home &amp; Business Services Store. https://t.co/j8LhpDsXG3
 via @Amazon3PSellers

#Homeoffice #DonaldTrump #coronavirus #COVID?19 #Italy #YouthWithYouEP02 #AmazonFilmfareAwards #woman
#FloridaPrimary https://t.co/0wx0ojPbRk",9.459662,5.2258186
"Capitalist problem: how can we get all eyeballs on screens so we can bombard them with propaganda so they will act on our advertising and buy our shit via online shopping carts?
Capitalist answer: COVID-19",8.999104,5.2611327
"Lets just say the stress of private practice pediatrics during COVID-19, social distancing, and online shopping is a BAD combination ?",9.525059,5.506376
I cant be quarantined! My online shopping is out of hand and Im bouta spend my COVID 19 national emergency fund on summer clothes and places to wear em  ????,9.214241,5.086014
"In the wake of shopping chaos caused by fears over COVID-19, one online giant is taking a stand against those looking to make a profit on the situation https://t.co/3ZLQDr8kLK https://t.co/Uen7ui8sZh",9.80338,5.5234156
We understand that will make you reluctant to come out so we will do what we can to make your intrepid shopping easier You can browse shop online If you want free local delivery please just call us  ,10.489181,4.8776975
"Coronavirus is hurting store traffic and e-commerce won't help much, analysts say https://t.co/Hz5GmbZMN0 #coronavirus #retail #ecommerce https://t.co/o9o6AxEZSK",9.848885,5.276501
Germans waiting for @Aldi supermarket to open up ? https://t.co/36Iy0BwJiJ,10.440185,4.782019
"In China, people have dramatically shifted toward online shopping for all types of goods, including food and product delivery. Companies should invest in online as part of their push for omnichannel distribution. #covid_19 #chinaecommerce
https://t.co/mDpkG8QJSV",9.929203,5.6243954
"@j0s3fk Yes, that is an additional problem. In the case of covid-19, restriction to rationed online shopping for shortage goods may be the best.",9.688602,5.582573
"During this time try to #shopsmall #shoplocal where possible. 

Even shopping #online you can support #smallbusinesses #familybusiness 

#covid_19 #bekind #helponeanother #letsdothis #supportsmallbusiness https://t.co/c3r1WpSaLW",10.156686,4.9601984
"#coronapocalypse #Covid_19 #COVID19Aus #covid19australia 
Demand for IT infrastructure is going to increase during this spread and after. Education online, work from home, online shopping, online music concerts and sports. Do we have the bandwidth to support this ?",9.107509,5.7116795
Ocado down: Online shopping #ap'p and website break as #coronavirus fears lead to panic bu... https://t.co/7TmAssTuCG https://t.co/YYIMPmmv9w,9.945524,5.1662602
We're all about to look fly AF in our houses with all this online shopping we're doing. Like Thanksgiving - but everyday. #coronavirus,9.798403,5.136868
"Anyone else doing some online shopping right now? I've noticed that some of these designers have suddenly made their ""70% off"" sales into ""50% off"" sales *with* free shipping! ? Like ""fuck this price gauging"", y'all! ? #onlineshopping #coronavirus #COVID19 #Covid_19 #COVID19US",9.99073,5.1592126
Ppl are waiting in grocery store lines for an hour or longer. ????? Its times like this I wonder why technology like what #Amazon is implementing (no cashiers) isnt the norm by now. ????? #CoronaVirus #iThoughtWeWouldBeLivingLikeTheJetsonsByNow https://t.co/nBxDIf0HjR,10.410776,5.012787
"How #CoronaVirus would change our lives:
 Dependence on food, grocery delivery services
 Increase in online transactions (shopping, banking)
 Video, tele-conferencing, the new meeting
 Online/YouTube classes, lessons
 Streaming of tv, music shows
 Remote working",9.164525,5.63891
"With all the panic and drop off in the market, Ive yet to see a decline in sales for my own E-com brand...

(other than inventory problems when China was on lockdown)

Curious to see how COVID-19 will effect sales in online shopping moving forward?",9.776264,5.586554
"Me online shopping, unbothered by the #coronavirus frenzy. #amazonprime https://t.co/y0QSwzqpLM",10.007503,5.384254
"Im about to go down an online shopping hole and someone must stop me. Spring clothes, spring shoes spring bags spring skin like Im booking a facial/ordering a new closet this is how covid 19 is effecting me. Affecting? Idk.",9.353718,5.3563704
"Since I cant go out and spend all my money I will instead be online shopping for clothes. When this COVID-19 runs its course, its over for all you hoes",9.242792,5.2924595
"In Response to Corona &amp;
Canceled Events
""Online shopping has risen since the Covid-19 virus""

Our Unparalleled Response to the Coronavirus Emergency Plan
--Exclusively for our Vendors--
If we can't bring the PEOPLE to us then we will bring US https://t.co/9eRRiAK6eP https://t.co/cHAeczaeH5",9.968751,4.984875
#Coronavirus We can stop the corona from spreading by prohibiting online shopping.,9.644619,5.347274
"Avoiding Online Shopping Portals From China Thanks To COVID-19?
 https://t.co/2TS5gN9Zv5 via @shethepeople",9.888938,5.603473
"Maybe #coronavirus will finally convince us that in addition to shopping online, we can also do school/work/church online and simultaneously save the planet with a sudden massive reduction in pollution #GreenNewDeal and prove the need for #NetNeutrality",9.29998,5.701692
"@RichardBarrow Same kind of thing has been going on in South Korea, too. The large stores are losing much business to same day /next day online delivery services. Cheaper prices and more convenient. Plus, with #coronavirus epidemic, few people wanna go sh",9.99532,4.8654404
online shopping is an alternative way to buy some stuffs #COVID2019,9.367967,5.2963004
Im scared to shop online &amp; go grocery shopping ? #COVID2019,9.343985,5.2677846
Im going to start entering the code COVID-19 to see what kind of discounts I can get when online shopping during self- quarantine. #COVID19 #covid19Canada #covid19alberta,9.031049,5.154216
"Social distancing will boost online shopping, expert says https://t.co/wDgzzaiK26",9.707341,5.6278005
"Worried about #SmallBusiness? Excellent tip from physicist Scott Paulson: ""Buy online gift cards from your favorite places. They get a little $$ to keep things going, you get a shopping/dining spree/haircut in a month or two!""   #BuyLocal #coronavirus #SmallBusinessSaturday",10.398008,4.8203278
"Skills that will be in high demand due to #COVID19:
-Call centre/online info clerks
-food delivery drivers
-cleaning staff
-laundry workers
-frontline coordinators
Those losing hours in hospitality/events management should prepare to change/adapt to the new demand. #coronavirus",9.2328825,5.5935454
Quarantine measures imposed by states the world over in the wake of the COVID-19 pandemic have led to a surge in screen time use and online shopping among the masses. https://t.co/nlRZMWLu1s https://t.co/4UQ7Iecozo,9.184729,4.9787793
"This virus just damaging my bank account the most, all this sitting at home has me online shopping out of boredom, better home my amazon guy is washing his hands or im gonna have a 50pcs box of kitkats, a ballgown ill never wear and COVID:19",9.287884,5.2899675
I wonder how much online shopping has increased since COVID-19,9.6045685,5.5780125
"For everyone thinking of going shopping this weekend, them shoes can wait, that top can be bought online, please if youre feeling under the weather dont go shopping at big centres because thats how its spreads and puts lives at risks #COVID?19 #StayHome #coronavirus",9.448358,5.1443963
"Now would be a good time for people to tweet their merch. Online shopping because we are bored.

#coronavirus",9.5866,4.9575586
"@uhaul offers free 30day storage, @amazon combats sanitizer prices, @Pornhub offers free premium service. @Sproutfy offers free term to schools. Are you doing your part to help during this period or letting market forces work and increasing your prices? #",9.773891,5.0854397
Online shopping.. Delivers to store.. Fkkk #Coronavirus ??,9.940953,4.9966464
"Self-isolation ripple effect: 
-putting on weight from watching TV and eating all day, every day
-running up credit card debt from online shopping
-finding out that you don't actually like other people all that much

#selfisolating 
#coronavirus",9.332258,5.4347243
for lazy people who don t wanna read articles taken from Stevens why remote work is a good way to slow down the virus i even put comic sans ms to make it fun,9.134288,5.594961
"Important point about online shopping during #coronavirus 

Its companies like @AmazonUK avoiding taxes (assisted by @Conservatives ) that helped undermine the #NHS and other public infrastructure.

Try purchase from anyone but Amazon if you can. Support tax paying companies.",9.918565,5.086017
"The #coronavirus could potentially reduce the carbon footprints of shopping if people do not drive to supermarkets themselves and use the bricks &amp; clicks online channel instead.

https://t.co/3x96SeIhIg

#GlobalWarming
#ClimateCrisis",9.732121,5.549103
Want to support local businesses but don t want to spend a lot of time in a store or restaurant Buy a gift card some even offer them online You ll help keep small businesses afloat AND you ll have a mini shopping dining spree to look forward to once the COVID 19 danger s gone,10.537612,4.726583
This online shopping thing may really catch on now. #coronavirus #COVID19 #ecommerce,9.617042,5.2819467
"We really need to start looking after each other. Online shopping seems not to be an option at the moment (websites crashing or no delivery availability). If youre in Coventry, let me know if you would like me to invite you to a COVID-19 support network...(1/2)",10.314859,5.026423
Covid-19 could have a permanent effect on #shopping habits. Online #grocery shopping is taking off in favour of @Ocado Britain's biggest #online #supermarket https://t.co/cERM1mGlvP,9.793019,5.5519023
"Please unless you have to shop online right now , dont . Lots of people just like me rely on online shopping because we have medical conditions or disabilities that mean we can not leave our homes. #disabled #coronavirus #onlineshopping #reliant",9.689011,5.263771
@TheLastLeg wouldnt it be a good idea for supermarkets to suspend delivery charges for online shopping deliveries during the covid-19 situation,10.328684,4.7685366
Just made my online order for pickup tomorrow at @Walmart You really think Im gonna go inside and experience the stupidity of Americans shopping!? #ShopSmarterNotHarder #SocialDistancing #COVID19 #Coronavirus,9.892922,4.7192097
I m working on a story about how might change our relationship with tech forever i e online GP appointments remote working online shopping etc I m looking for companies who are using tech in an innovative way If this is you please send me a submission,9.264986,5.707647
My preparation for #coronavirus has basically involved signing up for online shopping.,9.670599,5.2023153
"Avoid long lines and shop online! Plus FREE shipping for Prime members ??
··········
? Cleaning Supplies -&gt; https://t.co/IoQXOwemvS
? Personal Care Products -&gt; https://t.co/iTMviTSHhR
? Beauty Products -&gt; https://t.co/cSjtoBNcgW
··········
#shopping #affiliate #coronavirus https://t.co/PlWqi3VryR",10.288226,4.991955
"Lots of people are online shopping because of #coronavirus meaning fewer delivery slots available for vulnerable people who have been told to self-isolate.

Delivery companies should be implementing a flagging system to prioritise vulnerable people at this time.",9.813153,5.059125
only deliver online then no-one can greedily take someone else's order #shopping #coronavirus #greed #panic #stupidity #selfishness,10.054269,5.0513062
This quarantine has really lit a fire to my already problematic online shopping addiction #coronavirus,9.521704,4.913771
"Hi, I'm a mentally ill trans man, who is unable to work due to the virus (I'm a freelance tattoo artist), so I could really use some help with paying my bills. Here are my commission prices, I could really use the help rn
Check @pentoxyverin for examples
#coronavirus #COVID19 https://t.co/9p1P3oxGku",9.516654,4.8800755
Social distancing and remote learning demands due to #COVID2019 expose the glaring need for consumer-grade #AR technologies that can be used for #immersive #distancelearning.,9.201899,5.806889
Night one of social distancing: Successfully spent over $200 shopping online ? #COVID19Aus #SocialDistancing #coronavirus https://t.co/Zzon5cs9BB,9.318624,5.5358896
Is online shopping safe...shouls you disinfect things you've ordered? #coronavirus,9.777283,4.952513
Question: Is e-commerce shopping and online grocery delivery a good solution to the #StayAtHome movement or is shipping of packages and group handling of groceries also negatively contributing to the situation? #coronavirus,10.267832,4.8938036
"Dont worry, you can still do your shopping - LUE Outdoors has your back! We be online. ??



#coronamemes #coronavirus #meme #tp #joke #onlineshop #onlineshopping #shopping #shopsmallbusiness #outdoor #outdoors https://t.co/OcvIgS2edY",9.74789,5.1012917
Please remember that even if you are shopping mostly online to please particularly at this time If you re not sure if your favorite store delivers give them a call and ask They just might,10.4517355,4.873145
Well I guess theres still online shopping so thank God for that. #cowboyboots #shoppingismycardio #coronavirus https://t.co/rQya1wumMd,9.806789,5.3994164
We ve created a Majestic FAQ to answer some of your key customer queries which you can find online here This is an ever changing situation but you can still enjoy shopping at your Majestic in store or with free home delivery,10.306182,4.981109
"Somebody plz tell me, is it safe to shop online amid #coronavirus? 
?",9.680158,4.9235234
"In b4 the newest conspiracy theory starts going around about Big Retail creating the COVID-19 hysteria in an effort to undermine eCommerce giants such as @amazon and sell out their retail store inventory that's been sitting around for ages.

#BigRetail #conspiracytheory",9.34425,4.9813643
COVID-19 is not helping me curb my unhealthy online sneaker shopping habit...,9.264566,5.2922854
"One month later and I still can't purchase items online lol. 

Is @hm a real place? 

When everyone else is encouraging shopping online and social distancing due to #covid_19 your online platform is STILL not working?

@hm_custserv",9.638879,5.2731853
"You would have thought that with everyone so worries about COVID-19, more people would be online shopping. But no, everyone is tightly packed into Tesco arguing over whos going to get the last trolley",10.158052,4.8092284
Could the COVID-19 virus finally push German grocery retailers into offering online shopping? STILL not available even though I'm 4km from the nearest store...,10.112426,5.1200743
Anyone else doing a lot of online shopping? ????? #coronavirus,9.850184,5.249072
"***IMPORTANT MESSAGE RE: COVID-19 CORONAVIRUS. PLEASE READ***

?? I have seen a few posts online lately saying that people are slowing down their internet shopping because they may be worried about coming into https://t.co/eNm3bgkrRn",9.532677,5.0039186
"Online Originals: COVID-19 entices shopping frenzy https://t.co/UhMtCadL78 

#NC #NorthCarolina #covid19 #coronavirus 
#shoppers #shopping #coronavirusnc",9.38683,5.333329
COVID-19 is just feeding my online shopping addiction ?,9.349935,5.3338017
"Amazon blocks thousands of resellers during COVID-19 crisis, including Vancouver couple
The online shopping company said it is ""disappointed that bad actors.   Congratulations amazon and all online companies for doing that. https://t.co/0hwZBCkncS",10.166256,5.5567226
"While we are all #SocialDistancingNow because of the #coronavirus and doing all of our shopping online, why not take a look at https://t.co/wyhYb5SSUO and take advantage of 20% off with this sale until Mar 17? Use code: ARTSY20 at checkout. https://t.co/GO4MXUwMlo",9.61856,4.9773455
 Amazon Needs to hire 100 000 people across the to keep up with a crush of orders as spreads amp keeps more people at home shopping online Will temporarily raise pay by 2 an hour through the end of April,10.69161,5.540003
Due to uncertainty over people are staying at home having an impact on Use in your window to direct customers to your website without them having to go into store DM for info on our digital signage solutions,10.176393,5.314118
3 Support local small businesses by buying gift cards or shopping online The pandemic is taking a toll on our local businesses  amp it s b c social distancing is the responsible thing to do But you can still buy gift cards now to use later,10.596937,4.696259
"With so much #SocialDistancing across the globe due to #coronavirus , the load on Social media like Twitter, Facebook , WhatsApp and online shopping is going to be high.",9.175768,5.664793
is it safe to do online shopping in this stage of covid-19????? i just want to order makeup ?,9.685604,5.027037
"Amazon hiring 100,000 new distribution workers to keep up with online shopping surge caused by #CoronavirusOutbreak

 #coronapocolypse
#COVID2019

By Clare Duffy, @CNN Business
Updated 5:24 PM ET, Mon March 16, 2020

https://t.co/N9mHOgRM8N",10.493815,5.643429
James might not see this but Doing online grocery shopping can help slow lessen the amount of people shopping in the stores We have On the go shopping Wal Mart has it Hannaford has it,9.952504,5.57008
How can you support local businesses in your community during Buy gift cards now and shop eat out later Try shopping online or on social media platforms like Facebook or Instagram Order takeout And don t forget to tip We re all in this together,10.682714,4.6515217
"Imagine going shopping buying up loads of baby milk and then selling it online for 10x the price... Just imagine how much of an absolute cock you would have to be to even consider doing that ?

People are just vile... #coronavirus",9.703159,5.085897
"Unsurprisingly, ecommerce is reportedly getting a big boost as more people turn to online shopping due to the confinement.
#coronavirus blessing in disguise.
@RiazGilani @RAbdiCG @alykhansatchu @FauzKhalid @waithash",9.873239,5.3994265
Some online shopping behaviors have surged by 800 in the last few weeks Here are the trends and takeaways from 80 of the top 100 US retailers,9.795829,5.563522
"With self-isolation growing, online shopping is surging. With Amazon's plans to hire 100,000 U.S. workers as well as increasing pay, traditional retailers are facing a consumer abyss https://t.co/VLklZ3m07V @alinaselyukh #amazon #onlineshopping #delivery #retail #coronavirus",10.249025,5.579615
For the foreseeable future local Milwaukee businesses will be under HUGE financial burdens paying employees lost business or even closing due to Covid 19 If you re shopping here is how you can help support them through shopping online,10.249945,4.843273
"Real talk though. Am I the only one spending hours a day online shopping for loungewear now that I don't have to get dressed for work or public consumption?
#coronapocolypse #COVID19 #coronavirus #QuarantineLife",9.232666,5.1874433
"@skdmodelme As COVID-19 has spread, we've recently seen an increase in people shopping online. Some of our delivery promises are longer than usual, but we're working around the clock to ship items as quickly as we're able to. Thank you for your understand",10.392938,4.941759
"@ragingrodent Hello, Matt! As COVID-19 has spread, we've recently seen an increase in people shopping online. Some of our delivery promises are longer than usual, but we're working around the clock to ship items as quickly as we're able to. Thank you for ",10.3472,4.957411
Amazon delivery infrastructure strained as COVID-19 outbreak sparks surge in online shopping https://t.co/XYlWU4OsF3,10.338584,5.605329
"As people around Aus begin working or studying from home, we know data is going to be in high demand. To play our part, we're giving our consumer and small biz customers extra data as well as offering unlimited home phone calls to pensioners https://t.co/HT2HHjKhsT",9.222958,5.703747
How short sighted @woolworths and @Coles are by suspending their online shopping?? It would have been easier to promote click and collect instead of having customers in store that way controlling stock more and traffic in store. Missed opportunity #COVID?19 #coronavirus,10.314181,5.0931826
"Online shopping surges  - #Amazon plans to hire an additional 100,000 warehouse workers to keep up with the volume of orders placed by customers amid a global #COVID19 outbreak. https://t.co/dk3mWJkexV #coronavirus",10.474165,5.6158514
Things that may thrive in this Covid 19 crisis Delivery services Online shopping Online Psych services Zoom Skype Etsy PR Communication Companies Social Security watch for next baby boom what am I missing,9.219733,5.7130594
"Welp, I guess this is going to be the last @lululemon Fitting Room post for the foreseeable future. THANKS #CORONAVIRUS! ?

Luckily for us, online shopping is still a thing.
https://t.co/aClMBGyHZr",9.761217,5.039445
"Amazon is planning to hire 100,000 new warehouse and delivery workers in the U.S. to meet the growing demand for online shopping amid mass business shutdowns due to the coronavirus.
https://t.co/85HXzKh1b9",10.550213,5.6408052
Amazon said it needs to hire 100 000 people across the U S to keep up with a crush of orders as the spreads and keeps more people at home shopping online Those interested in applying can learn more about the openings here,10.554505,5.6253858
I also wouldn't delay the #XboxSX from COVID19 because online shopping still exists.,9.31602,5.3417654
The pandemic has led to an increase in online shopping at Amazon. https://t.co/orqoY2A46Y #retail #ecommerce #supplychain #coronavirus https://t.co/0KrZdjQ0EO,10.110174,5.5235744
"Amazon Prime and Fresh delivery services are grappling with high demand and inventory issues, as warehouse workers report increased order volumes. #AWS #coronavirus https://t.co/ikVScrSatv",10.455804,5.6210012
"Now more than ever, retailers need to think about connecting their messaging across the board as shopping moves online during #coronavirus. Does the consumer experience match brick &amp; mortar &amp; across all platforms?
https://t.co/mERfbtA4lX",9.773988,5.228383
"#coronavirus, #Walmart's answer to beating online shopping. Sorry #Amazon, you can't touch this.",9.817849,5.037229
"#coronavirus, Walmart's answer to beating online shopping. Sorry #Amazon, you can't touch this.",9.855853,5.051503
"Amazon hiring workers to respond to increased demand due to corona virus!  #covidhope #coronavirus #coronavirushelp

https://t.co/DNBThmvSi8",10.437328,5.6069636
Stay up-to-date with us as we monitor automotive website performance and sales nationwide to understand the impact Coronavirus (COVID-19) has on consumer shopping and buying behavior. https://t.co/YmZn1C11JP,9.795181,5.25931
Just read that #coronavirus stays alive on plastic for 2-3 days. Should we stop shopping online?,9.752106,5.011934
"How ICT can help manage the spread of COVID-19?

Shop online.

- Avoid crowded malls, supermarkets, and groceries and make use of online shopping platforms.

#DICT?? 
#COVID19 https://t.co/tbkkgyidWk",9.146328,4.9258513
Amazon said Monday that it needs to hire 100 000 people across the U S to keep up with a crush of orders as the spreads and keeps more people at home shopping online,10.588111,5.6304016
"Since we have to be responsible and try to stay at home as much as we can during the coronavirus, why not treat yourself to some retail therapy and get 15% OFF when you spend£10.00 in our Etsy store? https://t.co/vNbZ2BdpF3 via @Etsy #stayathome #retailtherapy #coronavirus",9.600404,4.8716154
online shopping A solution instead of waiting for hours in line in supermarkets,9.858029,5.4993176
Do you have a brick and mortar store only? Now's a great time to add an online store for your business. #covid19 #coronavirus #payments #retail #ecommerce #merchantservices #merchantaccount #business #smallbiz https://t.co/z4JlGCn3Hk,9.756896,5.1041436
" Distance Learning for Educational Institutes .
 Working Remotely for Full Time Jobs.
 Digitalization for Requesting Services.
 Online Shopping and Shipping.
 Automation and IoT Controllers.

- can we make this behavior permanent ? Its saving us !

#CoronaVirus ?",9.199874,5.8071647
Please Please Don t Ignore My Tweet Plzzz Note That Don t use Online Shoping Its a Fastest And Easy Way For Spreading COVID 19 Reach to You Say No To Online Shopping,9.123906,4.9114046
"During COVID-19 Shopping online will seem so convenient but please try to shop local to help our communities. 

Also https://t.co/GN7NnE6aYv has next business day shipping for most canadiens (w/ no prime fees)",10.26533,5.018813
Go ahead and sign-up for PayPal. Makes shopping online and supporting small businesses that arent able to get foot traffic that much easier! #coronavirus,9.677037,5.142821
"#eCommerce numbers skyrocket as #COVID19 fears urge consumers to stay at home and stockpile; US online spending up 52%:

#CoronaVirus #Shipping #SupplyChain #Retail  https://t.co/sBiXXIktQp",9.775893,5.4663877
Class suspension keeps me from being infected by COVID-19 but makes me susceptible to online shopping and prone to being broke. ?????,9.314539,5.3714423
"Stuck inside?  How about getting some reading in to fill the time, and your mind?  For the #coronavirus #COVID?19 time, I've lowered all ebook prices to $0.99.  Comedy, drama, action, philosophy, romance, your choice.  https://t.co/Qd67Hf6BfZ",9.371023,5.4549966
"Amazon delivery infrastructure strained as COVID-19 outbreak sparks surge in online shopping  GeekWire
https://t.co/UCcEiOY6qK",10.314657,5.5820503
